{
  "metrics": {
    "data_sent": {
      "type": "counter",
      "contains": "data",
      "values": {
        "count": 2215194,
        "rate": 34975.97241132286
      }
    },
    "chats_duration": {
      "type": "trend",
      "contains": "default",
      "values": {
        "p(95)": 343.7999999999997,
        "avg": 119.26605504587155,
        "min": 5,
        "med": 94,
        "max": 752,
        "p(90)": 214
      }
    },
    "http_reqs": {
      "type": "counter",
      "contains": "default",
      "values": {
        "count": 5451,
        "rate": 86.06651409046833
      }
    },
    "http_req_receiving": {
      "type": "trend",
      "contains": "time",
      "values": {
        "max": 8.8729,
        "p(90)": 0.9723,
        "p(95)": 1.5891000000000002,
        "avg": 0.3862212254632177,
        "min": 0,
        "med": 0
      }
    },
    "iteration_duration": {
      "type": "trend",
      "contains": "time",
      "values": {
        "med": 3276.1417,
        "max": 4925.7908,
        "p(90)": 3760.5883200000003,
        "p(95)": 4484.4193999999925,
        "avg": 3375.6048851376163,
        "min": 2680.1579
      }
    },
    "http_req_duration{expected_response:true}": {
      "type": "trend",
      "contains": "time",
      "values": {
        "min": 3.0666,
        "med": 81.14555,
        "max": 751.6653,
        "p(90)": 265.4357,
        "p(95)": 353.609425,
        "avg": 115.3241829679596
      }
    },
    "data_received": {
      "type": "counter",
      "contains": "data",
      "values": {
        "count": 8476534,
        "rate": 133837.04512003923
      }
    },
    "total_requests": {
      "type": "counter",
      "contains": "default",
      "values": {
        "count": 5450,
        "rate": 86.05072496662125
      }
    },
    "auth_duration": {
      "type": "trend",
      "contains": "default",
      "values": {
        "avg": 91.96880733944954,
        "min": 5,
        "med": 81,
        "max": 313,
        "p(90)": 172,
        "p(95)": 202
      },
      "thresholds": {
        "p(95)<500": {
          "ok": true
        }
      }
    },
    "http_req_blocked": {
      "type": "trend",
      "contains": "time",
      "values": {
        "med": 0,
        "max": 6.2923,
        "p(90)": 0,
        "p(95)": 0,
        "avg": 0.01315309117593102,
        "min": 0
      }
    },
    "errors": {
      "type": "rate",
      "contains": "default",
      "values": {
        "rate": 0.7825688073394496,
        "passes": 4265,
        "fails": 1185
      },
      "thresholds": {
        "rate<0.05": {
          "ok": false
        }
      }
    },
    "http_req_tls_handshaking": {
      "type": "trend",
      "contains": "time",
      "values": {
        "avg": 0,
        "min": 0,
        "med": 0,
        "max": 0,
        "p(90)": 0,
        "p(95)": 0
      }
    },
    "checks": {
      "type": "rate",
      "contains": "default",
      "values": {
        "passes": 1185,
        "fails": 4265,
        "rate": 0.21743119266055047
      }
    },
    "http_req_duration": {
      "values": {
        "avg": 96.96894687213346,
        "min": 0.5626,
        "med": 77.0763,
        "max": 751.6653,
        "p(90)": 186.9146,
        "p(95)": 229.63760000000002
      },
      "thresholds": {
        "p(95)<500": {
          "ok": true
        },
        "p(99)<1000": {
          "ok": true
        }
      },
      "type": "trend",
      "contains": "time"
    },
    "users_duration": {
      "type": "trend",
      "contains": "default",
      "values": {
        "max": 453,
        "p(90)": 192,
        "p(95)": 254.74999999999977,
        "avg": 98.51926605504588,
        "min": 2,
        "med": 77.5
      },
      "thresholds": {
        "p(95)<300": {
          "ok": true
        }
      }
    },
    "http_req_waiting": {
      "type": "trend",
      "contains": "time",
      "values": {
        "avg": 96.56263672720603,
        "min": 0.5626,
        "med": 76.8426,
        "max": 750.9828,
        "p(90)": 186.5748,
        "p(95)": 229.102
      }
    },
    "group_duration": {
      "type": "trend",
      "contains": "time",
      "values": {
        "max": 751.6653,
        "p(90)": 186.9592500000001,
        "p(95)": 229.64494000000002,
        "avg": 97.07676827522941,
        "min": 3.1449,
        "med": 77.2435
      }
    },
    "vus": {
      "type": "gauge",
      "contains": "default",
      "values": {
        "value": 4,
        "min": 4,
        "max": 30
      }
    },
    "http_req_sending": {
      "type": "trend",
      "contains": "time",
      "values": {
        "med": 0,
        "max": 2.0453,
        "p(90)": 0,
        "p(95)": 0,
        "avg": 0.020088919464318455,
        "min": 0
      }
    },
    "vus_max": {
      "type": "gauge",
      "contains": "default",
      "values": {
        "value": 30,
        "min": 30,
        "max": 30
      }
    },
    "missions_duration": {
      "type": "trend",
      "contains": "default",
      "values": {
        "avg": 105.13394495412844,
        "min": 5,
        "med": 80,
        "max": 493,
        "p(90)": 225.30000000000007,
        "p(95)": 318.64999999999986
      },
      "thresholds": {
        "p(95)<200": {
          "ok": false
        }
      }
    },
    "http_req_connecting": {
      "type": "trend",
      "contains": "time",
      "values": {
        "p(90)": 0,
        "p(95)": 0,
        "avg": 0.006579765180700791,
        "min": 0,
        "med": 0,
        "max": 5.0261
      }
    },
    "api_duration": {
      "type": "trend",
      "contains": "default",
      "values": {
        "avg": 100.22324159021407,
        "min": 2,
        "med": 80,
        "max": 752,
        "p(90)": 189.60000000000036,
        "p(95)": 236.60000000000036
      },
      "thresholds": {
        "p(95)<300": {
          "ok": true
        }
      }
    },
    "http_req_failed": {
      "contains": "default",
      "values": {
        "rate": 0.7824252430746652,
        "passes": 4265,
        "fails": 1186
      },
      "thresholds": {
        "rate<0.05": {
          "ok": false
        }
      },
      "type": "rate"
    },
    "iterations": {
      "type": "counter",
      "contains": "default",
      "values": {
        "count": 545,
        "rate": 8.605072496662125
      }
    }
  },
  "setup_data": {
    "baseUrl": "http://localhost:3000",
    "token": "eyJhbGciOiJIUzI1NiIsInR5cCI6IkpXVCJ9.eyJ1c2VySWQiOiJjbWxkN3BnbGYwMDAxbWE5b3QyaGxza3ZtIiwiaWQiOiJjbWxkN3BnbGYwMDAxbWE5b3QyaGxza3ZtIiwiZW1haWwiOiJzdHJlc3MtMTc3MDUyMzA0NDA2OUB0ZXN0LmJlbGxvci5jb20iLCJpYXQiOjE3NzA1MjMwNDQsImV4cCI6MTc3MDUyMzk0NH0.IadCiiUJtGNzzWKEmp_YHKq-0aYRLfBCgxJkckr05sM"
  },
  "root_group": {
    "name": "",
    "path": "",
    "id": "d41d8cd98f00b204e9800998ecf8427e",
    "groups": [
      {
        "groups": [],
        "checks": [
            {
              "name": "health: status 200",
              "path": "::Health Check::health: status 200",
              "id": "88628fdfb2ce9c26bc777f4a8347d719",
              "passes": 141,
              "fails": 404
            }
          ],
        "name": "Health Check",
        "path": "::Health Check",
        "id": "167c726a79efe9afd2c220eb9d49c1a2"
      },
      {
        "checks": [
          {
            "id": "3e48be585d0569aaeebf0a0aadc37cc5",
            "passes": 146,
            "fails": 399,
            "name": "auth/me: status 200",
            "path": "::Auth - Get Current User::auth/me: status 200"
          }
        ],
        "name": "Auth - Get Current User",
        "path": "::Auth - Get Current User",
        "id": "5a513f2593037ff95c401dca959f1492",
        "groups": []
      },
      {
        "id": "d0f46a146737a1ebdf08b601548a69a9",
        "groups": [],
        "checks": [
            {
              "name": "users list: status 200",
              "path": "::Users - List::users list: status 200",
              "id": "bdea311965f35e9aa9e10957db0d79b7",
              "passes": 139,